{"bin_maj_acc": 0.607754279959718, "bin_maj_f1": 0.607718375641983, "bin_one_acc": 0.6445115810674723, "bin_one_f1": 0.6069421394931599, "bin_all_acc": 0.581067472306143, "bin_all_f1": 0.541115307709398, "multi_maj_acc": 0.4476334340382679, "multi_maj_f1": 0.3402747753259433, "disagree_bin_acc": 0.5548841893252769, "disagree_bin_f1": 0.4722150072150072, "score": 0.5136531210770983}