{"js_dist_bin": 0.42530892011010796, "js_dist_multi": 0.584995072031776, "score": 0.505151996070942}