{"js_dist_bin": 0.45620248428396065, "js_dist_multi": 0.6298654183233664, "score": 0.5430339513036635}