{"bin_maj_acc": 0.5765357502517623, "bin_maj_f1": 0.5756051191867357, "bin_one_acc": 0.6591137965760322, "bin_one_f1": 0.6177932319381475, "bin_all_acc": 0.4783484390735146, "bin_all_f1": 0.4610301090253729, "multi_maj_acc": 0.40130916414904333, "multi_maj_f1": 0.32332065519725156, "disagree_bin_acc": 0.5664652567975831, "disagree_bin_f1": 0.4280480066843565, "score": 0.48115942440637277}