{"js_dist_bin": 0.2958183894626218, "js_dist_multi": 0.42907384137109217, "score": 0.362446115416857}