{"bin_maj_acc": 0.7371601208459214, "bin_maj_f1": 0.72198449945024, "bin_one_acc": 0.7059415911379657, "bin_one_f1": 0.7033956126577229, "bin_all_acc": 0.7492447129909365, "bin_all_f1": 0.6672180349932706, "multi_maj_acc": 0.634944612286002, "multi_maj_f1": 0.41543253277892606, "disagree_bin_acc": 0.6122860020140987, "disagree_bin_f1": 0.5335383151228976, "score": 0.6083137990006114}