{"bin_maj_acc": 0.7779456193353474, "bin_maj_f1": 0.7504708803489544, "bin_one_acc": 0.7089627391742196, "bin_one_f1": 0.7068651154809074, "bin_all_acc": 0.8006042296072508, "bin_all_f1": 0.6940588466870924, "multi_maj_acc": 0.6792547834843907, "multi_maj_f1": 0.39037845189158504, "disagree_bin_acc": 0.6042296072507553, "disagree_bin_f1": 0.5574003084879553, "score": 0.619834720579299}