{"js_dist_bin": 0.2738614501147517, "js_dist_multi": 0.42324827123957187, "score": 0.3485548606771618}