{"bin_maj_acc": 0.6706948640483383, "bin_maj_f1": 0.6464572338801611, "bin_one_acc": 0.6430010070493454, "bin_one_f1": 0.6347214313601631, "bin_all_acc": 0.7844914400805639, "bin_all_f1": 0.6313602764511691, "multi_maj_acc": 0.5594159113796576, "multi_maj_f1": 0.22560198685331995, "disagree_bin_acc": 0.5725075528700906, "disagree_bin_f1": 0.553766566884043, "score": 0.5383814990857714}