{"js_dist_bin": 0.33398139282211975, "js_dist_multi": 0.49084151687996685, "score": 0.4124114548510433}