{"bin_maj_acc": 0.6430010070493454, "bin_maj_f1": 0.6427465762687095, "bin_one_acc": 0.7039274924471299, "bin_one_f1": 0.6838911633275548, "bin_all_acc": 0.5720040281973817, "bin_all_f1": 0.5364522464258411, "multi_maj_acc": 0.48539778449144005, "multi_maj_f1": 0.3731444227791535, "disagree_bin_acc": 0.5800604229607251, "disagree_bin_f1": 0.4601466705778821, "score": 0.5392762158758282}