{"js_dist_bin": 0.3875626141241639, "js_dist_multi": 0.5465478072930374, "score": 0.4670552107086007}