{"bin_maj_acc": 0.6092648539778449, "bin_maj_f1": 0.6092505879739922, "bin_one_acc": 0.6858006042296072, "bin_one_f1": 0.6567242235143951, "bin_all_acc": 0.5181268882175226, "bin_all_f1": 0.4921700050366123, "multi_maj_acc": 0.4446122860020141, "multi_maj_f1": 0.3447872692845127, "disagree_bin_acc": 0.580563947633434, "disagree_bin_f1": 0.45302370793333807, "score": 0.5111911587485701}