{"js_dist_bin": 0.42245548186812504, "js_dist_multi": 0.5910047762394046, "score": 0.5067301290537648}