{"js_dist_bin": 0.2182932019295953, "js_dist_multi": 0.385353562470965, "score": 0.30182338220028015}