{"bin_maj_acc": 0.8126888217522659, "bin_maj_f1": 0.7834277646970536, "bin_one_acc": 0.770896273917422, "bin_one_f1": 0.7705863132723192, "bin_all_acc": 0.8288016112789527, "bin_all_f1": 0.7293171596020172, "multi_maj_acc": 0.6822759315206445, "multi_maj_f1": 0.3155558360853923, "disagree_bin_acc": 0.6631419939577039, "disagree_bin_f1": 0.5865037995176727, "score": 0.6370781746348909}