{"js_dist_bin": 0.25598164466915896, "js_dist_multi": 0.39426106093451213, "score": 0.3251213528018355}