{"bin_maj_acc": 0.7809667673716012, "bin_maj_f1": 0.7475030447465956, "bin_one_acc": 0.7180261832829808, "bin_one_f1": 0.7179335007228183, "bin_all_acc": 0.8147029204431017, "bin_all_f1": 0.7035748760920528, "multi_maj_acc": 0.6978851963746223, "multi_maj_f1": 0.38693509273474663, "disagree_bin_acc": 0.6304128902316214, "disagree_bin_f1": 0.5575360594434462, "score": 0.622696514747932}